beds,baths,size,size_units,lot_size,lot_size_units,zip_code,price,index
3,3.0,2850.0,sqft,4200.0,sqft,98119,1175000.0,1
3,2.0,2360.0,sqft,12196.800000000001,sqft,98188,565000.0,4
3,3.5,1942.0,sqft,1603.0,sqft,98107,1187000.0,5
4,2.0,2060.0,sqft,4206.0,sqft,98144,1025000.0,9
3,2.5,1760.0,sqft,3630.0,sqft,98122,1135000.0,11
3,2.0,2500.0,sqft,5000.0,sqft,98136,648000.0,13
3,3.0,2340.0,sqft,6640.0,sqft,98126,974898.0,20
4,2.0,1690.0,sqft,13939.2,sqft,98168,550000.0,21
3,2.5,2320.0,sqft,3500.0,sqft,98103,1175000.0,22
3,2.0,1610.0,sqft,3060.0,sqft,98146,540000.0,26
4,2.5,2010.0,sqft,6000.0,sqft,98136,982000.0,29
3,2.0,1910.0,sqft,2000.0,sqft,98109,1090000.0,36
3,2.0,2210.0,sqft,7200.0,sqft,98118,1425000.0,38
3,2.5,2168.0,sqft,3994.0,sqft,98119,1700000.0,39
3,2.0,2760.0,sqft,4800.0,sqft,98105,1235000.0,40
4,3.0,2190.0,sqft,4000.0,sqft,98112,1685000.0,44
4,3.5,4027.0,sqft,13068.0,sqft,98199,2170000.0,45
4,2.5,3410.0,sqft,9602.0,sqft,98125,1700000.0,46
3,2.0,1850.0,sqft,3880.0,sqft,98117,890000.0,48
3,2.5,2220.0,sqft,8353.0,sqft,98177,1350000.0,54
3,3.0,2225.0,sqft,3994.0,sqft,98101,2850000.0,57
3,2.0,1648.0,sqft,6250.0,sqft,98126,765000.0,58
3,2.5,1785.0,sqft,1500.0,sqft,98144,850000.0,60
4,2.5,3200.0,sqft,12196.800000000001,sqft,98118,1100000.0,65
3,2.5,1220.0,sqft,1095.0,sqft,98109,900000.0,67
3,2.0,1330.0,sqft,2875.0,sqft,98126,705000.0,68
4,3.0,3160.0,sqft,4830.0,sqft,98116,1425000.0,71
3,2.0,1305.0,sqft,4400.0,sqft,98118,714000.0,72
3,2.0,2798.0,sqft,3667.0,sqft,98109,1185000.0,73
4,2.0,2100.0,sqft,4799.0,sqft,98199,1000000.0,74
3,2.5,1830.0,sqft,1929.0,sqft,98116,1150000.0,79
3,2.5,1800.0,sqft,2380.0,sqft,98126,715000.0,80
3,2.0,2470.0,sqft,4192.0,sqft,98105,705000.0,81
3,2.5,1540.0,sqft,1189.0,sqft,98107,756000.0,86
4,2.5,1690.0,sqft,6000.0,sqft,98108,399950.0,89
3,2.0,1540.0,sqft,3755.0,sqft,98108,632500.0,96
3,2.5,1660.0,sqft,8450.0,sqft,98146,695000.0,97
3,2.0,1640.0,sqft,4320.0,sqft,98136,907500.0,98
4,2.0,1300.0,sqft,6240.0,sqft,98146,589950.0,100
3,2.5,1390.0,sqft,1242.0,sqft,98125,569995.0,104
4,2.5,1333.0,sqft,53143.2,sqft,98118,476000.0,107
4,3.5,2780.0,sqft,3060.0,sqft,98146,900000.0,114
3,3.5,1770.0,sqft,1669.0,sqft,98107,1025000.0,115
4,2.5,3096.0,sqft,9375.0,sqft,98177,1870000.0,116
3,2.0,1710.0,sqft,6179.0,sqft,98117,1015000.0,121
3,2.0,1250.0,sqft,1306.0,sqft,98107,750000.0,122
4,2.0,3195.0,sqft,5434.0,sqft,98199,1490000.0,123
3,3.5,1650.0,sqft,1701.0,sqft,98107,1050000.0,127
4,2.0,2950.0,sqft,3417.0,sqft,98199,1200000.0,129
4,3.0,2480.0,sqft,5000.0,sqft,98105,1950000.0,130
3,2.0,1600.0,sqft,6845.0,sqft,98125,500000.0,131
4,2.5,2660.0,sqft,5300.0,sqft,98122,1745000.0,133
4,3.0,2960.0,sqft,8645.0,sqft,98178,875000.0,134
3,2.5,2060.0,sqft,1142.0,sqft,98103,1170000.0,135
3,3.0,1860.0,sqft,3060.0,sqft,98119,1260000.0,136
3,2.0,1404.0,sqft,9974.0,sqft,98146,449000.0,138
3,3.0,1540.0,sqft,993.0,sqft,98122,900000.0,139
3,2.0,1840.0,sqft,5100.0,sqft,98136,851000.0,142
4,3.5,3738.0,sqft,4000.0,sqft,98102,3480000.0,144
3,2.5,1757.0,sqft,1873.0,sqft,98103,1155000.0,150
4,3.5,3760.0,sqft,4720.0,sqft,98116,2200000.0,154
4,2.5,3480.0,sqft,5043.0,sqft,98103,2150000.0,157
3,2.0,1500.0,sqft,4500.0,sqft,98107,905000.0,164
3,2.5,1360.0,sqft,1001.0,sqft,98144,719950.0,168
4,3.5,3500.0,sqft,4080.0,sqft,98115,1720000.0,170
4,2.5,2230.0,sqft,5878.0,sqft,98115,1475000.0,173
4,3.0,2580.0,sqft,7200.0,sqft,98118,1025000.0,177
3,2.5,2720.0,sqft,4609.0,sqft,98103,1450000.0,178
3,3.0,2290.0,sqft,3000.0,sqft,98103,1108000.0,179
3,2.5,2750.0,sqft,3750.0,sqft,98103,1300000.0,180
4,3.5,2970.0,sqft,5323.0,sqft,98199,2334500.0,183
4,2.0,1840.0,sqft,7335.0,sqft,98108,640000.0,184
4,3.0,3510.0,sqft,8268.0,sqft,98122,1550000.0,185
3,2.0,2330.0,sqft,5000.0,sqft,98117,1160000.0,188
4,3.5,3140.0,sqft,3751.0,sqft,98117,1825000.0,192
3,2.0,1360.0,sqft,6656.0,sqft,98115,935000.0,193
4,3.0,2360.0,sqft,9130.0,sqft,98136,1100000.0,196
3,2.0,1550.0,sqft,795.0,sqft,98199,699000.0,197
4,3.5,4120.0,sqft,6950.0,sqft,98178,1209000.0,206
4,2.0,1780.0,sqft,3650.0,sqft,98117,965000.0,207
3,2.0,1281.0,sqft,625.0,sqft,98136,670000.0,210
3,2.5,2760.0,sqft,6003.0,sqft,98115,1565000.0,211
4,2.5,2210.0,sqft,5750.0,sqft,98116,1225000.0,213
4,3.5,2023.0,sqft,3096.0,sqft,98122,1325000.0,214
3,2.5,2710.0,sqft,6840.0,sqft,98178,880000.0,216
4,2.5,2020.0,sqft,7280.0,sqft,98133,903000.0,219
3,3.0,2000.0,sqft,3210.0,sqft,98103,990000.0,221
3,2.5,1690.0,sqft,3264.0,sqft,98126,780000.0,225
4,2.5,3190.0,sqft,4700.0,sqft,98144,869000.0,226
3,2.5,2130.0,sqft,3100.0,sqft,98115,930000.0,228
3,2.5,1480.0,sqft,5183.0,sqft,98115,890000.0,229
3,3.5,1430.0,sqft,1200.0,sqft,98112,1000000.0,230
3,2.0,2160.0,sqft,4313.0,sqft,98125,720000.0,234
3,2.0,2010.0,sqft,5618.0,sqft,98146,850000.0,235
3,2.5,2963.0,sqft,13503.6,sqft,98177,1480000.0,239
3,2.0,1939.0,sqft,4949.0,sqft,98119,1450000.0,240
4,3.0,1999.0,sqft,800.0,sqft,98102,1350000.0,244
3,2.5,1681.0,sqft,172933.2,sqft,98126,610000.0,248
3,2.5,1512.0,sqft,1119.0,sqft,98144,755000.0,249
3,2.0,1444.0,sqft,675.0,sqft,98144,750000.0,252
4,2.5,2658.0,sqft,5038.0,sqft,98136,1375888.0,253
4,2.5,2750.0,sqft,2250.0,sqft,98122,849995.0,256
3,2.5,1546.0,sqft,1600.0,sqft,98106,720000.0,258
4,2.0,2868.0,sqft,5250.0,sqft,98103,1550000.0,261
3,2.0,1279.0,sqft,4400.0,sqft,98118,699000.0,263
4,2.0,2278.0,sqft,5080.0,sqft,98117,1550000.0,264
3,2.0,1496.0,sqft,43560.0,sqft,98144,843000.0,266
3,3.0,2502.0,sqft,6401.0,sqft,98117,995000.0,269
4,3.5,4460.0,sqft,72309.59999999999,sqft,98177,2550000.0,274
4,2.0,2350.0,sqft,6950.0,sqft,98118,715000.0,275
4,2.5,2420.0,sqft,6590.0,sqft,98117,1310000.0,277
3,2.0,1140.0,sqft,3028.0,sqft,98136,780000.0,283
3,3.0,2240.0,sqft,6700.0,sqft,98117,650000.0,284
4,3.0,1991.0,sqft,806.0,sqft,98102,1050000.0,286
3,2.5,1940.0,sqft,5962.0,sqft,98116,1172000.0,287
4,2.0,2610.0,sqft,10890.0,sqft,98117,875000.0,293
3,2.0,1920.0,sqft,6250.0,sqft,98126,980000.0,295
3,2.5,1540.0,sqft,1116.0,sqft,98103,875000.0,296
3,2.0,1460.0,sqft,2500.0,sqft,98117,823000.0,297
3,2.5,2450.0,sqft,5000.0,sqft,98126,1080000.0,299
4,2.0,1670.0,sqft,9800.0,sqft,98125,960000.0,303
4,3.0,2140.0,sqft,5400.0,sqft,98126,805000.0,304
3,2.5,1650.0,sqft,1485.0,sqft,98103,975000.0,305
4,3.5,3210.0,sqft,8919.0,sqft,98136,1750000.0,307
4,2.5,2030.0,sqft,1744.0,sqft,98144,1025000.0,310
3,2.0,1700.0,sqft,5750.0,sqft,98126,835000.0,315
3,2.5,1550.0,sqft,1031.0,sqft,98102,840000.0,317
3,2.5,1210.0,sqft,1546.0,sqft,98108,565000.0,321
3,3.0,1710.0,sqft,3994.0,sqft,98133,659000.0,328
3,2.5,1440.0,sqft,1330.0,sqft,98117,750000.0,329
3,3.5,1790.0,sqft,1800.0,sqft,98144,1027000.0,330
3,2.0,2550.0,sqft,8253.0,sqft,98178,650000.0,331
3,2.0,1561.0,sqft,964.0,sqft,98125,670000.0,334
4,2.5,2610.0,sqft,3520.0,sqft,98112,1715000.0,336
3,3.0,2280.0,sqft,7362.0,sqft,98117,1150000.0,338
3,2.0,1699.0,sqft,3994.0,sqft,98121,1299000.0,341
3,2.5,1550.0,sqft,1132.0,sqft,98122,1090000.0,346
3,2.5,1290.0,sqft,1474.0,sqft,98108,585000.0,347
3,2.5,2420.0,sqft,4500.0,sqft,98103,1048000.0,349
3,2.0,1850.0,sqft,4050.0,sqft,98178,627000.0,351
3,2.0,1481.0,sqft,1316.0,sqft,98103,1040000.0,357
4,2.0,1920.0,sqft,5500.0,sqft,98118,670000.0,359
3,2.5,1870.0,sqft,5110.0,sqft,98125,700000.0,360
3,3.0,1560.0,sqft,5760.0,sqft,98106,699950.0,364
3,2.5,1468.0,sqft,1054.0,sqft,98103,809950.0,369
4,3.5,2500.0,sqft,5000.0,sqft,98103,1104000.0,370
3,3.0,2360.0,sqft,8480.0,sqft,98115,1210000.0,371
4,3.5,2199.0,sqft,3994.0,sqft,98117,1560000.0,373
3,2.0,1730.0,sqft,7500.0,sqft,98168,386000.0,374
3,2.5,1604.0,sqft,1120.0,sqft,98144,769999.0,378
3,2.5,1786.0,sqft,960.0,sqft,98103,970000.0,379
4,2.5,2410.0,sqft,6000.0,sqft,98105,2000000.0,383
4,2.5,2610.0,sqft,6109.0,sqft,98117,1160000.0,385
4,2.5,2680.0,sqft,6240.0,sqft,98199,1800000.0,386
4,3.0,2240.0,sqft,7700.0,sqft,98178,840000.0,388
4,3.5,3500.0,sqft,5350.0,sqft,98199,2000000.0,389
3,2.0,1703.0,sqft,1247.0,sqft,98117,943000.0,390
3,2.0,2600.0,sqft,8160.0,sqft,98177,1195000.0,391
3,2.0,1200.0,sqft,3500.0,sqft,98107,685000.0,392
4,2.0,2570.0,sqft,3840.0,sqft,98119,1550000.0,395
4,3.0,2480.0,sqft,4500.0,sqft,98117,1270000.0,396
4,3.5,2054.0,sqft,2050.0,sqft,98103,1165000.0,397
4,2.5,1830.0,sqft,5162.0,sqft,98125,1050000.0,398
4,3.0,2280.0,sqft,5000.0,sqft,98117,1275000.0,401
4,2.5,3470.0,sqft,4000.0,sqft,98102,1100000.0,403
4,3.5,2840.0,sqft,2957.0,sqft,98178,720000.0,407
3,3.0,2010.0,sqft,7104.0,sqft,98115,925000.0,408
3,3.0,3004.0,sqft,5123.0,sqft,98112,1450000.0,415
4,3.0,2960.0,sqft,6000.0,sqft,98108,970000.0,419
4,3.5,2510.0,sqft,43560.0,sqft,98103,1625000.0,422
3,2.5,2740.0,sqft,4000.0,sqft,98108,489000.0,427
3,2.0,1740.0,sqft,6250.0,sqft,98199,1425000.0,430
4,3.5,3780.0,sqft,4360.0,sqft,98115,1875000.0,432
3,3.0,2910.0,sqft,9612.0,sqft,98125,1249900.0,435
3,3.0,1419.0,sqft,951.0,sqft,98122,861955.0,436
4,2.0,2800.0,sqft,35719.2,sqft,98178,675000.0,437
3,2.5,1520.0,sqft,1246.0,sqft,98107,975000.0,439
3,2.5,1570.0,sqft,980.0,sqft,98102,955000.0,440
3,2.0,1660.0,sqft,5120.0,sqft,98106,805000.0,442
3,2.5,1800.0,sqft,2516.0,sqft,98108,655000.0,445
3,2.5,1510.0,sqft,3576.0,sqft,98136,880000.0,446
3,2.5,1630.0,sqft,4850.0,sqft,98107,1060000.0,448
3,3.5,1319.0,sqft,1149.0,sqft,98119,875000.0,449
3,2.5,2695.0,sqft,6324.0,sqft,98115,1345000.0,450
4,3.5,2380.0,sqft,4000.0,sqft,98106,830000.0,453
3,3.5,2938.0,sqft,9224.0,sqft,98136,1350000.0,454
3,2.0,2730.0,sqft,7200.0,sqft,98117,1150000.0,456
3,2.5,2350.0,sqft,6180.0,sqft,98115,1625000.0,459
4,3.5,4420.0,sqft,4188.0,sqft,98199,2350000.0,463
3,2.0,1200.0,sqft,5700.0,sqft,98178,624950.0,466
3,2.0,1410.0,sqft,4387.0,sqft,98115,1035000.0,467
3,2.5,1810.0,sqft,9409.0,sqft,98125,899000.0,471
3,2.0,1800.0,sqft,7280.0,sqft,98178,575000.0,473
4,2.0,1860.0,sqft,5700.0,sqft,98103,1350000.0,476
4,3.0,2527.0,sqft,4800.0,sqft,98122,1375000.0,479
3,2.5,1054.0,sqft,2246.0,sqft,98115,815000.0,481
4,3.0,2290.0,sqft,18295.2,sqft,98146,685000.0,483
4,2.0,2260.0,sqft,4200.0,sqft,98106,760000.0,484
4,2.5,1544.0,sqft,1561.0,sqft,98117,975000.0,489
3,3.0,1650.0,sqft,7883.0,sqft,98178,591995.0,491
4,3.0,2310.0,sqft,5120.0,sqft,98136,1100000.0,493
4,2.5,2880.0,sqft,6210.0,sqft,98115,1900000.0,494
3,2.5,2275.0,sqft,3606.0,sqft,98122,1528000.0,497
3,2.5,1390.0,sqft,1570.0,sqft,98126,575000.0,502
3,2.5,2950.0,sqft,20473.199999999997,sqft,98118,3105000.0,503
3,2.0,1301.0,sqft,3000.0,sqft,98103,895000.0,505
3,2.5,2590.0,sqft,6000.0,sqft,98144,795000.0,1
4,2.0,2240.0,sqft,13503.6,sqft,98106,915000.0,2
4,3.0,2040.0,sqft,3783.0,sqft,98107,950000.0,3
4,3.0,3800.0,sqft,5175.0,sqft,98199,1950000.0,4
3,2.5,1520.0,sqft,741.0,sqft,98108,565000.0,9
4,2.0,2340.0,sqft,9500.0,sqft,98178,699000.0,10
3,2.0,1320.0,sqft,1386.0,sqft,98103,899000.0,11
3,2.0,1800.0,sqft,3993.0,sqft,98177,1050000.0,12
3,2.5,2490.0,sqft,5757.0,sqft,98103,935625.0,13
4,3.0,2650.0,sqft,6380.0,sqft,98115,1511000.0,14
3,3.5,1360.0,sqft,3872.0,sqft,98103,700000.0,17
3,2.5,2974.0,sqft,3840.0,sqft,98119,1750000.0,19
4,3.5,1989.0,sqft,1607.0,sqft,98117,980000.0,20
4,3.0,2668.0,sqft,5589.0,sqft,98116,1213000.0,22
3,2.0,3140.0,sqft,5000.0,sqft,98117,1219700.0,28
4,2.0,2000.0,sqft,8077.0,sqft,98125,907200.0,29
3,2.5,1690.0,sqft,1733.0,sqft,98108,760000.0,31
3,3.0,1550.0,sqft,1400.0,sqft,98115,950000.0,33
3,2.0,1770.0,sqft,3349.0,sqft,98146,805000.0,37
3,2.5,1500.0,sqft,1056.0,sqft,98103,1070000.0,41
3,2.0,2817.0,sqft,6375.0,sqft,98103,912000.0,43
4,2.5,2280.0,sqft,3932.0,sqft,98106,1065000.0,48
4,3.5,2478.0,sqft,2761.0,sqft,98115,1580000.0,50
3,3.0,2360.0,sqft,6600.0,sqft,98117,1775000.0,51
3,2.0,2480.0,sqft,5829.0,sqft,98126,800000.0,53
3,2.0,1550.0,sqft,6720.0,sqft,98199,1100000.0,54
3,2.0,1731.0,sqft,7514.0,sqft,98125,575000.0,59
3,2.5,1500.0,sqft,8240.0,sqft,98105,860000.0,60
4,2.0,2100.0,sqft,4864.0,sqft,98117,950000.0,67
3,2.5,2620.0,sqft,4080.0,sqft,98119,1300000.0,68
3,2.0,1270.0,sqft,1333.0,sqft,98103,727000.0,69
3,2.0,2702.0,sqft,6600.0,sqft,98103,1605000.0,70
4,3.5,2031.0,sqft,43560.0,sqft,98117,1480000.0,71
3,2.0,2350.0,sqft,7320.0,sqft,98178,888000.0,72
3,3.5,1510.0,sqft,1239.0,sqft,98103,660000.0,80
4,2.5,2580.0,sqft,11325.6,sqft,98146,1635000.0,82
3,2.0,1496.0,sqft,43560.0,sqft,98144,910000.0,86
4,3.5,2670.0,sqft,3405.0,sqft,98118,1022700.0,87
3,2.0,1960.0,sqft,5000.0,sqft,98105,950000.0,93
4,3.0,2110.0,sqft,10454.4,sqft,98133,760000.0,94
4,3.5,3010.0,sqft,4000.0,sqft,98106,985000.0,95
3,2.5,1820.0,sqft,176418.0,sqft,98118,690000.0,97
3,2.0,1800.0,sqft,6180.0,sqft,98118,936000.0,99
3,3.0,1450.0,sqft,525.0,sqft,98117,750000.0,101
4,2.0,2400.0,sqft,5400.0,sqft,98119,1385000.0,104
4,3.5,3057.0,sqft,7650.0,sqft,98117,1800000.0,106
3,2.0,1720.0,sqft,5000.0,sqft,98199,855000.0,110
3,3.5,2650.0,sqft,8500.0,sqft,98136,1095000.0,111
4,2.5,2550.0,sqft,5000.0,sqft,98115,1560000.0,113
4,2.0,1910.0,sqft,6000.0,sqft,98168,630000.0,116
4,3.5,2661.0,sqft,4081.0,sqft,98108,1165000.0,120
4,3.0,2250.0,sqft,5250.0,sqft,98115,1150000.0,122
3,3.5,1370.0,sqft,982.0,sqft,98117,699500.0,124
4,3.5,3040.0,sqft,16988.4,sqft,98177,1495000.0,127
4,3.5,2000.0,sqft,1532.0,sqft,98115,870000.0,137
3,3.5,1470.0,sqft,1375.0,sqft,98117,845000.0,138
4,2.0,2230.0,sqft,5940.0,sqft,98125,925000.0,140
3,2.5,1670.0,sqft,3872.0,sqft,98178,600000.0,142
3,2.0,1880.0,sqft,3200.0,sqft,98144,911000.0,144
4,2.5,2400.0,sqft,3200.0,sqft,98109,1595000.0,150
3,3.5,1670.0,sqft,3872.0,sqft,98178,600000.0,151
3,2.5,2734.0,sqft,4000.0,sqft,98109,1605200.0,152
3,2.5,1670.0,sqft,1687.0,sqft,98117,865000.0,153
3,3.0,1530.0,sqft,2260.0,sqft,98126,745000.0,154
3,2.0,2370.0,sqft,4865.0,sqft,98126,1200000.0,158
3,2.0,1590.0,sqft,8937.0,sqft,98106,720000.0,161
3,2.0,1630.0,sqft,6000.0,sqft,98168,630000.0,168
3,2.0,1806.0,sqft,4400.0,sqft,98126,799000.0,170
4,2.5,3060.0,sqft,4590.0,sqft,98115,1450000.0,171
3,2.5,2350.0,sqft,7200.0,sqft,98115,1582800.0,174
3,2.5,2080.0,sqft,9880.0,sqft,98117,977000.0,175
4,3.0,2230.0,sqft,9625.0,sqft,98178,1205000.0,178
3,2.0,1286.0,sqft,870.0,sqft,98136,738000.0,184
4,2.0,2370.0,sqft,5000.0,sqft,98115,1350000.0,193
4,2.5,2200.0,sqft,5146.0,sqft,98106,825000.0,194
4,2.0,2080.0,sqft,7200.0,sqft,98178,675000.0,198
3,3.5,1467.0,sqft,3872.0,sqft,98144,859990.0,205
4,2.0,1910.0,sqft,5166.0,sqft,98106,685000.0,206
3,2.5,1563.0,sqft,1950.0,sqft,98118,839950.0,207
4,3.0,2390.0,sqft,3600.0,sqft,98119,1300000.0,209
3,3.0,1940.0,sqft,5000.0,sqft,98199,450000.0,212
4,3.0,1680.0,sqft,3080.0,sqft,98117,905000.0,215
3,2.5,2304.0,sqft,5000.0,sqft,98117,1100000.0,218
4,3.0,2840.0,sqft,9996.0,sqft,98177,1350000.0,221
4,3.5,1824.0,sqft,3250.0,sqft,98103,1299000.0,225
4,3.0,2478.0,sqft,4001.0,sqft,98105,2095000.0,227
3,2.0,1520.0,sqft,4000.0,sqft,98117,760000.0,231
3,2.5,1380.0,sqft,2250.0,sqft,98106,590000.0,232
4,2.0,1750.0,sqft,4950.0,sqft,98105,1025000.0,234
3,2.5,3590.0,sqft,4250.0,sqft,98103,1725000.0,235
3,2.0,1380.0,sqft,2909.0,sqft,98117,800000.0,241
3,2.5,2000.0,sqft,7440.0,sqft,98106,799000.0,245
3,2.0,2029.0,sqft,3872.0,sqft,98115,685000.0,246
4,3.0,1180.0,sqft,4650.0,sqft,98117,956300.0,248
3,2.0,1920.0,sqft,3154.0,sqft,98199,1067000.0,249
3,2.0,1460.0,sqft,5005.0,sqft,98106,583000.0,253
3,2.5,2500.0,sqft,4305.0,sqft,98117,1685000.0,254
3,2.5,1540.0,sqft,1037.0,sqft,98122,852500.0,255
3,2.5,1520.0,sqft,1062.0,sqft,98106,540700.0,258
4,3.0,2190.0,sqft,5136.0,sqft,98126,860000.0,260
4,3.5,2780.0,sqft,4000.0,sqft,98112,950000.0,263
3,2.5,1566.0,sqft,1602.0,sqft,98122,875000.0,266
3,2.5,1190.0,sqft,1290.0,sqft,98144,750000.0,268
4,3.0,2380.0,sqft,4635.0,sqft,98115,1399999.0,271
3,2.5,1712.0,sqft,1215.0,sqft,98117,910000.0,273
3,2.0,1098.0,sqft,2320.0,sqft,98105,864950.0,275
3,3.0,1250.0,sqft,6350.0,sqft,98117,815000.0,276
4,2.0,1595.0,sqft,5500.0,sqft,98118,525000.0,279
3,3.0,2380.0,sqft,5000.0,sqft,98136,1230000.0,280
3,2.5,1465.0,sqft,2973.0,sqft,98119,1175000.0,282
4,2.0,2910.0,sqft,8360.0,sqft,98115,1400000.0,283
3,2.0,1580.0,sqft,6400.0,sqft,98126,942000.0,286
3,2.5,1396.0,sqft,4800.0,sqft,98136,780000.0,291
4,2.0,2340.0,sqft,7500.0,sqft,98115,925000.0,293
4,3.0,2980.0,sqft,4480.0,sqft,98105,1090000.0,295
4,2.5,1850.0,sqft,2856.0,sqft,98108,945000.0,299
3,2.0,1606.0,sqft,900.0,sqft,98109,1450000.0,302
3,2.5,1815.0,sqft,1500.0,sqft,98103,1295000.0,303
4,2.0,2220.0,sqft,9295.0,sqft,98177,995000.0,305
3,2.0,1460.0,sqft,4590.0,sqft,98117,888000.0,307
3,3.5,2480.0,sqft,2400.0,sqft,98119,1795000.0,309
3,2.0,1760.0,sqft,4000.0,sqft,98106,689000.0,319
3,2.5,1712.0,sqft,1514.0,sqft,98107,970000.0,320
4,2.5,3190.0,sqft,5500.0,sqft,98102,1820000.0,321
3,2.5,2600.0,sqft,5100.0,sqft,98117,1148000.0,327
3,2.0,2130.0,sqft,4850.0,sqft,98107,990200.0,328
3,3.5,2899.0,sqft,5346.0,sqft,98199,1800000.0,329
4,2.5,2240.0,sqft,5229.0,sqft,98117,1050000.0,332
3,2.0,1560.0,sqft,4960.0,sqft,98106,799000.0,334
4,2.0,1730.0,sqft,8100.0,sqft,98146,852000.0,335
3,2.0,1700.0,sqft,5346.0,sqft,98115,1150000.0,336
4,3.5,1909.0,sqft,1544.0,sqft,98103,1500000.0,337
3,2.0,2180.0,sqft,3740.0,sqft,98117,1012000.0,338
3,3.0,1460.0,sqft,7200.0,sqft,98144,1000000.0,340
4,2.0,2740.0,sqft,6000.0,sqft,98119,1400000.0,349
3,2.0,1670.0,sqft,5400.0,sqft,98118,485000.0,350
3,3.5,2530.0,sqft,1880.0,sqft,98102,1299000.0,353
4,3.0,2660.0,sqft,5100.0,sqft,98117,1360000.0,354
4,2.0,2820.0,sqft,4764.0,sqft,98117,1441000.0,355
3,2.0,1540.0,sqft,1102.0,sqft,98144,630000.0,359
3,3.5,1968.0,sqft,1498.0,sqft,98199,980000.0,361
3,2.0,2980.0,sqft,5800.0,sqft,98115,1415000.0,366
3,2.0,2020.0,sqft,7200.0,sqft,98133,917500.0,368
3,2.5,1926.0,sqft,1483.0,sqft,98122,1148000.0,369
3,2.0,2410.0,sqft,4950.0,sqft,98199,1083000.0,371
3,3.0,1630.0,sqft,6721.0,sqft,98168,615000.0,374
4,2.5,2370.0,sqft,3600.0,sqft,98146,750000.0,375
3,2.0,1996.0,sqft,4656.0,sqft,98117,986500.0,378
3,2.0,1580.0,sqft,6396.0,sqft,98126,820000.0,379
4,2.0,2360.0,sqft,6120.0,sqft,98115,950000.0,382
3,2.0,1496.0,sqft,43560.0,sqft,98144,824500.0,383
4,2.5,2380.0,sqft,5000.0,sqft,98105,1900000.0,387
4,2.5,1544.0,sqft,2352.0,sqft,98117,850000.0,391
4,3.0,2067.0,sqft,43560.0,sqft,98122,1074900.0,393
4,3.0,2360.0,sqft,7200.0,sqft,98115,1360000.0,394
3,2.0,1960.0,sqft,4400.0,sqft,98199,955000.0,398
3,2.0,1209.0,sqft,752.0,sqft,98116,725000.0,400
4,2.5,2130.0,sqft,6250.0,sqft,98136,960000.0,403
4,2.5,2220.0,sqft,3770.0,sqft,98144,1235000.0,404
4,3.0,2288.0,sqft,6550.0,sqft,98126,1105000.0,405
4,2.5,2180.0,sqft,6099.0,sqft,98115,1275000.0,408
3,2.0,1590.0,sqft,3000.0,sqft,98146,560000.0,409
4,2.0,2480.0,sqft,5996.0,sqft,98122,825000.0,413
4,3.0,3320.0,sqft,5750.0,sqft,98116,750000.0,414
3,2.0,2050.0,sqft,5000.0,sqft,98109,1265000.0,416
4,3.0,2370.0,sqft,3880.0,sqft,98115,1830000.0,417
3,3.5,1670.0,sqft,905.0,sqft,98107,1115000.0,419
3,3.0,3120.0,sqft,5996.0,sqft,98199,1350000.0,421
3,2.0,2260.0,sqft,6000.0,sqft,98199,1300000.0,422
3,3.5,1540.0,sqft,2322.0,sqft,98126,699950.0,424
3,3.5,1980.0,sqft,1659.0,sqft,98144,1055000.0,425
4,2.5,3080.0,sqft,13068.0,sqft,98117,1650000.0,427
3,2.0,1900.0,sqft,4000.0,sqft,98112,1766000.0,429
3,2.5,1610.0,sqft,1690.0,sqft,98107,895000.0,434
4,2.0,1810.0,sqft,5100.0,sqft,98117,945000.0,436
3,2.0,1096.0,sqft,43560.0,sqft,98117,875000.0,439
4,2.5,2720.0,sqft,8000.0,sqft,98136,1315000.0,441
3,2.0,1990.0,sqft,8710.0,sqft,98146,730000.0,448
3,2.0,2350.0,sqft,4400.0,sqft,98122,1140000.0,450
3,2.5,1570.0,sqft,1342.0,sqft,98103,700000.0,455
3,3.0,2650.0,sqft,8612.0,sqft,98105,1600000.0,457
3,2.5,2030.0,sqft,3999.0,sqft,98115,1439000.0,460
3,2.0,2354.0,sqft,4400.0,sqft,98115,938000.0,463
3,3.0,1120.0,sqft,4800.0,sqft,98168,525000.0,475
4,2.5,1881.0,sqft,1881.0,sqft,98133,870000.0,476
3,2.0,1340.0,sqft,2211.0,sqft,98103,925000.0,481
4,2.5,2560.0,sqft,6582.0,sqft,98116,1712000.0,482
4,2.0,2178.0,sqft,6800.0,sqft,98133,880000.0,483
3,3.0,2070.0,sqft,4227.0,sqft,98136,730000.0,486
3,2.5,2131.0,sqft,1036.0,sqft,98119,1520000.0,487
3,2.5,1395.0,sqft,1418.0,sqft,98116,725000.0,490
3,2.5,1810.0,sqft,6925.0,sqft,98125,922000.0,491
4,3.0,3120.0,sqft,9750.0,sqft,98144,1670000.0,495
3,2.0,1870.0,sqft,4000.0,sqft,98136,849000.0,496
4,3.5,2285.0,sqft,1792.0,sqft,98116,1500000.0,497
3,2.5,2783.0,sqft,7206.0,sqft,98199,1640000.0,498
4,2.0,2540.0,sqft,4700.0,sqft,98107,1280000.0,499
3,2.5,1420.0,sqft,1873.0,sqft,98103,890000.0,502
3,2.0,2320.0,sqft,4000.0,sqft,98115,880000.0,504
3,2.0,1719.0,sqft,1056.0,sqft,98103,1160000.0,506
4,2.0,2037.0,sqft,3326.0,sqft,98119,1247500.0,507
3,2.0,1094.0,sqft,2332.0,sqft,98108,649995.0,513
4,3.0,2790.0,sqft,15245.999999999998,sqft,98133,965000.0,517
3,2.5,1460.0,sqft,1850.0,sqft,98106,575000.0,522
3,2.5,1386.0,sqft,1065.0,sqft,98107,999950.0,523
3,2.5,2320.0,sqft,4400.0,sqft,98116,949000.0,527
3,2.5,2150.0,sqft,13939.2,sqft,98116,1360000.0,528
3,2.0,1425.0,sqft,759.0,sqft,98117,750000.0,530
3,2.5,1810.0,sqft,1436.0,sqft,98107,1000000.0,531
3,3.0,1480.0,sqft,9127.0,sqft,98117,729000.0,533
3,3.0,2110.0,sqft,7324.0,sqft,98177,1270000.0,534
3,2.5,1569.0,sqft,1553.0,sqft,98107,950000.0,537
3,3.0,2247.0,sqft,866.0,sqft,98109,1725000.0,538
4,2.0,1920.0,sqft,17859.6,sqft,98118,1210000.0,541
4,2.5,2760.0,sqft,6001.0,sqft,98178,640000.0,546
3,3.0,1660.0,sqft,625.0,sqft,98118,795000.0,547
3,2.5,1360.0,sqft,916.0,sqft,98112,805000.0,548
3,2.5,1573.0,sqft,1255.0,sqft,98107,1030000.0,550
4,3.0,1700.0,sqft,7320.0,sqft,98146,649000.0,552
4,3.5,2560.0,sqft,4080.0,sqft,98144,1325000.0,553
3,2.0,1330.0,sqft,1539.0,sqft,98122,680000.0,554
4,2.0,2180.0,sqft,5100.0,sqft,98115,838000.0,555
3,2.0,1350.0,sqft,1055.0,sqft,98103,785000.0,556
4,3.0,1540.0,sqft,3060.0,sqft,98105,1108000.0,561
3,2.5,1324.0,sqft,2217.0,sqft,98126,649950.0,567
3,2.0,1660.0,sqft,6120.0,sqft,98115,795000.0,571
3,2.0,1460.0,sqft,1554.0,sqft,98116,759000.0,573
4,2.0,2060.0,sqft,5080.0,sqft,98115,812500.0,575
4,2.0,1160.0,sqft,4224.0,sqft,98103,710000.0,576
3,2.0,1540.0,sqft,1124.0,sqft,98144,680000.0,577
3,2.5,1280.0,sqft,1845.0,sqft,98105,900000.0,586
3,2.0,2020.0,sqft,8120.0,sqft,98125,950000.0,588
4,3.5,2336.0,sqft,3872.0,sqft,98115,1080000.0,590
3,2.5,1970.0,sqft,2109.0,sqft,98103,715000.0,594
4,3.0,2190.0,sqft,5350.0,sqft,98115,1490000.0,595
4,3.0,2120.0,sqft,7721.0,sqft,98126,920000.0,596
4,3.5,1835.0,sqft,1750.0,sqft,98103,1299950.0,598
3,3.5,2570.0,sqft,4094.0,sqft,98105,2000000.0,600
3,2.0,2060.0,sqft,3090.0,sqft,98118,700000.0,601
3,2.5,1740.0,sqft,1389.0,sqft,98102,1678000.0,602
3,2.0,1516.0,sqft,5000.0,sqft,98116,1150000.0,605
4,2.0,2440.0,sqft,4002.0,sqft,98144,1116000.0,607
4,3.5,3240.0,sqft,4680.0,sqft,98112,1995000.0,610
3,2.5,1550.0,sqft,1391.0,sqft,98107,825000.0,612
4,2.0,2080.0,sqft,7740.0,sqft,98106,750000.0,613
4,3.0,1400.0,sqft,5000.0,sqft,98107,1000000.0,614
4,3.0,2900.0,sqft,7500.0,sqft,98136,1175000.0,617
4,2.5,2052.0,sqft,16552.8,sqft,98178,865000.0,618
4,2.5,3080.0,sqft,9300.0,sqft,98168,650000.0,627
3,2.0,1576.0,sqft,1238.0,sqft,98122,974999.0,635
3,2.0,1080.0,sqft,5750.0,sqft,98116,875000.0,637
4,3.5,2520.0,sqft,3821.0,sqft,98199,1765000.0,640
4,3.5,2720.0,sqft,3024.0,sqft,98102,1750000.0,641
4,3.0,2860.0,sqft,4182.0,sqft,98103,1600000.0,650
3,2.5,1810.0,sqft,1436.0,sqft,98107,1000000.0,654
3,3.5,1820.0,sqft,1099.0,sqft,98122,1125000.0,656
3,2.0,1400.0,sqft,8910.0,sqft,98106,530000.0,662
3,2.0,2740.0,sqft,5000.0,sqft,98144,1278500.0,664
4,2.5,1880.0,sqft,3300.0,sqft,98117,1050000.0,666
3,2.5,1681.0,sqft,172933.2,sqft,98126,650000.0,667
4,2.0,3325.0,sqft,6000.0,sqft,98199,1650000.0,668
4,3.0,2340.0,sqft,5023.0,sqft,98108,780000.0,673
3,3.0,1880.0,sqft,2200.0,sqft,98107,999950.0,676
4,2.5,1806.0,sqft,5000.0,sqft,98118,745000.0,678
3,2.5,1346.0,sqft,1270.0,sqft,98107,899000.0,681
3,2.0,1600.0,sqft,8640.0,sqft,98117,877500.0,682
3,2.5,1660.0,sqft,1681.0,sqft,98144,690000.0,684
3,2.0,1390.0,sqft,6656.0,sqft,98116,899950.0,686
3,2.0,2900.0,sqft,3800.0,sqft,98199,1305000.0,687
4,2.0,1710.0,sqft,3250.0,sqft,98117,1170000.0,691
3,2.0,1880.0,sqft,1751.0,sqft,98122,955000.0,692
3,3.0,1454.0,sqft,760.0,sqft,98122,890955.0,693
4,3.0,2520.0,sqft,3000.0,sqft,98105,1025000.0,696
4,3.0,3335.0,sqft,6000.0,sqft,98115,1325000.0,697
3,2.5,2118.0,sqft,2466.0,sqft,98118,837000.0,698
3,2.0,1560.0,sqft,5056.0,sqft,98116,965000.0,702
3,3.0,1720.0,sqft,8370.0,sqft,98177,865000.0,706
4,2.0,1350.0,sqft,5300.0,sqft,98106,700000.0,709
3,2.5,1510.0,sqft,2656.0,sqft,98133,717500.0,710
4,2.5,2172.0,sqft,3431.0,sqft,98105,975000.0,714
3,3.5,1410.0,sqft,1478.0,sqft,98117,740000.0,715
3,2.0,1548.0,sqft,1139.0,sqft,98117,850000.0,723
4,3.0,3030.0,sqft,6960.0,sqft,98115,1119000.0,724
4,2.0,2245.0,sqft,7892.0,sqft,98178,775000.0,726
4,3.5,2627.0,sqft,5150.0,sqft,98118,1650000.0,727
4,2.5,3680.0,sqft,7000.0,sqft,98118,1880000.0,728
3,2.5,1980.0,sqft,5000.0,sqft,98146,675000.0,733
3,2.0,1370.0,sqft,3060.0,sqft,98103,1270000.0,734
3,2.0,1060.0,sqft,5290.0,sqft,98106,599000.0,737
4,3.0,2470.0,sqft,12632.4,sqft,98115,1180000.0,740
3,2.5,2260.0,sqft,4000.0,sqft,98103,1406000.0,741
3,3.5,1936.0,sqft,1770.0,sqft,98122,1295000.0,743
3,2.0,1100.0,sqft,2700.0,sqft,98122,645000.0,746
3,2.0,2120.0,sqft,6400.0,sqft,98103,1130000.0,747
3,2.5,1320.0,sqft,1396.0,sqft,98117,835000.0,750
3,2.5,1047.0,sqft,680.0,sqft,98144,720000.0,755
3,2.0,1514.0,sqft,990.0,sqft,98107,915000.0,758
4,3.5,3360.0,sqft,6000.0,sqft,98136,1575000.0,760
3,2.0,1910.0,sqft,7500.0,sqft,98136,725000.0,761
3,3.0,1190.0,sqft,850.0,sqft,98144,765000.0,764
4,2.0,2640.0,sqft,3840.0,sqft,98122,700000.0,765
3,3.5,2206.0,sqft,1500.0,sqft,98103,1116000.0,767
4,2.5,2050.0,sqft,9555.0,sqft,98177,805000.0,775
3,3.5,1930.0,sqft,6000.0,sqft,98125,600000.0,777
3,2.0,2437.0,sqft,6500.0,sqft,98118,1275000.0,779
3,2.0,1680.0,sqft,6000.0,sqft,98136,910000.0,781
4,2.5,2840.0,sqft,4480.0,sqft,98105,1200000.0,786
4,2.0,2240.0,sqft,5043.0,sqft,98106,750000.0,788
3,3.0,1687.0,sqft,3872.0,sqft,98115,946000.0,789
4,3.0,1900.0,sqft,2256.0,sqft,98103,1150000.0,790
3,3.0,1970.0,sqft,8540.0,sqft,98177,1395000.0,791
3,2.5,1512.0,sqft,1041.0,sqft,98144,760000.0,792
4,2.0,2280.0,sqft,8000.0,sqft,98168,640000.0,798
4,3.0,1960.0,sqft,5200.0,sqft,98136,1270000.0,800
3,2.0,1800.0,sqft,3172.0,sqft,98117,1130000.0,803
3,2.0,1300.0,sqft,3914.0,sqft,98199,1100000.0,812
3,3.5,2106.0,sqft,1785.0,sqft,98115,1266000.0,813
3,2.5,1573.0,sqft,1243.0,sqft,98107,1099950.0,814
4,2.0,2870.0,sqft,98881.2,sqft,98168,703500.0,815
3,2.5,1610.0,sqft,1426.0,sqft,98199,840000.0,819
4,2.5,2390.0,sqft,3570.0,sqft,98115,1350000.0,821
4,3.5,2795.0,sqft,6400.0,sqft,98122,1740000.0,824
3,3.5,1820.0,sqft,1101.0,sqft,98122,1250000.0,827
3,2.0,1770.0,sqft,7242.0,sqft,98168,500000.0,828
4,2.5,1939.0,sqft,2499.0,sqft,98107,1025000.0,831
4,3.0,2200.0,sqft,5586.0,sqft,98118,874999.0,833
3,2.5,1861.0,sqft,3872.0,sqft,98121,1395000.0,835
3,2.0,1650.0,sqft,5075.0,sqft,98126,750000.0,836
3,2.0,1260.0,sqft,2640.0,sqft,98133,615000.0,838
3,3.5,1471.0,sqft,3872.0,sqft,98144,799990.0,841
3,2.5,1500.0,sqft,1235.0,sqft,98119,1023500.0,842
4,2.5,1544.0,sqft,1562.0,sqft,98117,889000.0,844
4,2.0,1470.0,sqft,4000.0,sqft,98118,460000.0,846
4,2.0,1680.0,sqft,2600.0,sqft,98107,930000.0,847
4,2.0,2420.0,sqft,3680.0,sqft,98126,948750.0,848
4,3.5,2011.0,sqft,2421.0,sqft,98136,1130000.0,849
4,2.5,2730.0,sqft,5724.0,sqft,98146,1175000.0,854
3,3.5,1740.0,sqft,2061.0,sqft,98122,840000.0,856
3,2.5,1940.0,sqft,2880.0,sqft,98118,1140000.0,857
3,2.5,1380.0,sqft,1550.0,sqft,98115,613000.0,860
3,2.5,1400.0,sqft,1001.0,sqft,98136,785000.0,861
3,2.0,2110.0,sqft,4000.0,sqft,98108,815000.0,862
3,2.0,1830.0,sqft,5850.0,sqft,98126,835000.0,864
3,2.0,1480.0,sqft,5000.0,sqft,98116,780000.0,865
3,2.0,1670.0,sqft,8573.0,sqft,98146,620000.0,867
4,2.5,2890.0,sqft,3060.0,sqft,98115,1650000.0,868
3,3.5,1590.0,sqft,1781.0,sqft,98136,820000.0,869
4,2.0,1440.0,sqft,4560.0,sqft,98126,760000.0,871
3,2.5,2529.0,sqft,3000.0,sqft,98122,1650000.0,872
3,3.0,1086.0,sqft,16117.199999999999,sqft,98144,539950.0,873
3,2.0,1565.0,sqft,2500.0,sqft,98103,985000.0,874
3,3.5,1352.0,sqft,1680.0,sqft,98115,886000.0,878
3,2.0,1455.0,sqft,43560.0,sqft,98117,959822.0,880
3,2.0,924.0,sqft,11325.6,sqft,98126,422000.0,882
3,2.0,1758.0,sqft,1350.0,sqft,98103,1130000.0,884
3,2.5,1830.0,sqft,1175.0,sqft,98116,960000.0,885
4,3.0,2970.0,sqft,4000.0,sqft,98102,1950000.0,887
3,3.5,1500.0,sqft,1182.0,sqft,98103,700000.0,888
3,2.0,2020.0,sqft,6000.0,sqft,98119,900000.0,889
3,3.5,2188.0,sqft,4920.0,sqft,98112,1700000.0,890
4,3.0,3300.0,sqft,7700.0,sqft,98199,1995000.0,898
4,2.0,2510.0,sqft,5460.0,sqft,98115,1025000.0,899
3,2.5,1260.0,sqft,1252.0,sqft,98117,750000.0,907
3,2.5,2740.0,sqft,4800.0,sqft,98117,1375000.0,912
4,2.0,1710.0,sqft,9660.0,sqft,98118,685000.0,914
3,2.5,1580.0,sqft,1372.0,sqft,98103,1095000.0,915
4,2.0,2352.0,sqft,5000.0,sqft,98199,1450000.0,919
3,3.0,2320.0,sqft,9465.0,sqft,98125,675000.0,920
4,2.0,1480.0,sqft,6075.0,sqft,98118,665000.0,927
3,2.5,1220.0,sqft,1136.0,sqft,98118,618000.0,928
3,2.0,2740.0,sqft,8340.0,sqft,98177,1305000.0,929
3,3.0,2160.0,sqft,6710.0,sqft,98118,1300000.0,930
3,2.5,2650.0,sqft,7548.0,sqft,98136,1112000.0,932
4,2.0,1742.0,sqft,54450.0,sqft,98105,781000.0,937
4,2.0,2390.0,sqft,5535.0,sqft,98105,1195000.0,938
3,3.5,1530.0,sqft,3000.0,sqft,98117,1089000.0,940
3,2.5,1650.0,sqft,2752.0,sqft,98106,675000.0,944
3,2.5,1390.0,sqft,1570.0,sqft,98126,575000.0,948
3,2.0,1759.0,sqft,1188.0,sqft,98116,890000.0,949
4,3.5,2191.0,sqft,4120.0,sqft,98103,1394600.0,951
3,2.5,1380.0,sqft,1022.0,sqft,98144,655000.0,952
3,2.0,2770.0,sqft,7770.0,sqft,98115,700000.0,955
3,2.0,2029.0,sqft,400751.99999999994,sqft,98115,685000.0,957
4,3.0,2560.0,sqft,9956.0,sqft,98115,890000.0,958
3,2.5,1763.0,sqft,2498.0,sqft,98117,1135000.0,960
3,2.5,1550.0,sqft,7089.0,sqft,98116,1350000.0,961
3,3.0,1687.0,sqft,43560.0,sqft,98115,1035000.0,969
4,3.5,2720.0,sqft,7598.0,sqft,98115,1395000.0,972
3,2.0,2600.0,sqft,4200.0,sqft,98144,1525000.0,974
3,2.0,1900.0,sqft,6093.0,sqft,98115,965000.0,975
4,2.5,2320.0,sqft,9500.0,sqft,98108,1001000.0,978
3,2.0,2462.0,sqft,3200.0,sqft,98119,1150000.0,982
4,3.5,2640.0,sqft,3062.0,sqft,98103,1750000.0,983
3,2.5,1670.0,sqft,1304.0,sqft,98144,875000.0,984
3,3.5,1621.0,sqft,987.0,sqft,98109,1085000.0,986
4,2.0,2591.0,sqft,6900.0,sqft,98125,800000.0,987
3,2.0,1900.0,sqft,6957.0,sqft,98199,1299000.0,993
3,2.0,2760.0,sqft,5195.0,sqft,98119,1256000.0,994
3,2.0,1290.0,sqft,2700.0,sqft,98144,925000.0,995
3,2.0,1111.0,sqft,3872.0,sqft,98112,849000.0,996
3,2.0,1422.0,sqft,1405.0,sqft,98117,780000.0,1004
3,2.0,1250.0,sqft,6000.0,sqft,98106,625000.0,1007
3,2.0,2390.0,sqft,10890.0,sqft,98133,1150000.0,1008
3,2.0,1680.0,sqft,5000.0,sqft,98199,1087500.0,1010
4,2.0,2320.0,sqft,6960.0,sqft,98115,1150000.0,1027
4,3.5,3490.0,sqft,11761.2,sqft,98115,1480000.0,1028
4,2.5,2500.0,sqft,4046.0,sqft,98117,1295000.0,1029
3,2.5,1700.0,sqft,2125.0,sqft,98102,1475000.0,1032
4,2.0,2440.0,sqft,2168.0,sqft,98122,1060000.0,1034
3,2.5,1420.0,sqft,2929.0,sqft,98108,750000.0,1035
3,2.0,1380.0,sqft,815.0,sqft,98122,740000.0,1036
3,2.0,1111.0,sqft,719.0,sqft,98112,849000.0,1037
3,2.5,1600.0,sqft,695.0,sqft,98144,699900.0,1042
4,2.0,1640.0,sqft,4400.0,sqft,98136,730000.0,1053
3,2.0,2000.0,sqft,5632.0,sqft,98115,925000.0,1054
4,3.0,2430.0,sqft,9500.0,sqft,98146,520000.0,1056
4,3.0,2160.0,sqft,6298.0,sqft,98125,980000.0,1058
4,2.5,1354.0,sqft,3872.0,sqft,98118,485000.0,1059
3,3.5,1710.0,sqft,1728.0,sqft,98126,699000.0,1064
3,2.5,1430.0,sqft,1102.0,sqft,98103,855000.0,1065
3,3.5,1500.0,sqft,1274.0,sqft,98118,598800.0,1066
4,2.5,1910.0,sqft,3000.0,sqft,98103,1625000.0,1076
4,3.0,2297.0,sqft,7200.0,sqft,98178,783000.0,1077
4,2.5,2320.0,sqft,5001.0,sqft,98118,820000.0,1078
3,2.5,1530.0,sqft,1482.0,sqft,98126,899999.0,1081
3,2.0,1237.0,sqft,4760.0,sqft,98106,747250.0,1083
3,2.5,1760.0,sqft,1143.0,sqft,98136,850000.0,1084
4,2.0,1345.0,sqft,2808.0,sqft,98103,962000.0,1087
4,3.0,2600.0,sqft,6840.0,sqft,98115,1750000.0,1088
3,2.0,2209.0,sqft,2734.0,sqft,98115,715000.0,1089
4,2.5,1530.0,sqft,3060.0,sqft,98146,675000.0,1091
3,2.0,1590.0,sqft,910.0,sqft,98117,910000.0,1093
3,3.0,1524.0,sqft,513.0,sqft,98122,850000.0,1094
4,3.0,1920.0,sqft,7455.0,sqft,98125,2095000.0,1095
4,2.0,2660.0,sqft,5243.0,sqft,98115,1357000.0,1096
3,2.0,2284.0,sqft,6395.0,sqft,98136,850000.0,1097
3,2.5,1604.0,sqft,1040.0,sqft,98144,760000.0,1098
3,2.5,2793.0,sqft,1734.0,sqft,98109,1732000.0,1101
3,2.5,1570.0,sqft,1362.0,sqft,98103,901000.0,1108
3,2.5,2570.0,sqft,12196.800000000001,sqft,98118,1175000.0,1111
3,2.5,1631.0,sqft,1485.0,sqft,98103,1049950.0,1112
3,2.0,1596.0,sqft,27878.4,sqft,98105,505000.0,1113
3,2.5,1610.0,sqft,1500.0,sqft,98119,875000.0,1115
3,2.0,1425.0,sqft,729.0,sqft,98117,759999.0,1117
3,2.0,1440.0,sqft,4239.0,sqft,98119,1195000.0,1120
4,2.0,2040.0,sqft,4178.0,sqft,98112,1175000.0,1123
3,2.0,2092.0,sqft,3872.0,sqft,98102,2000000.0,1124
3,2.5,3560.0,sqft,5000.0,sqft,98116,1575000.0,1126
4,2.5,1890.0,sqft,3000.0,sqft,98178,668000.0,1128
4,2.0,2790.0,sqft,6250.0,sqft,98126,930000.0,1129
3,2.0,1060.0,sqft,8910.0,sqft,98106,575000.0,1131
3,2.0,1379.0,sqft,3353.0,sqft,98125,729950.0,1134
4,2.0,2634.0,sqft,7475.0,sqft,98115,1500000.0,1137
3,2.5,1690.0,sqft,7200.0,sqft,98125,807500.0,1141
3,3.5,1800.0,sqft,1545.0,sqft,98103,750000.0,1142
3,2.5,1350.0,sqft,662.0,sqft,98119,899000.0,1145
4,2.0,2900.0,sqft,4700.0,sqft,98144,1275000.0,1146
3,3.0,1880.0,sqft,2200.0,sqft,98107,999950.0,1147
3,2.5,1360.0,sqft,1248.0,sqft,98103,700000.0,1152
4,3.5,2600.0,sqft,4000.0,sqft,98117,1950000.0,1153
4,3.5,2852.0,sqft,3178.0,sqft,98102,1715000.0,1154
3,3.5,1370.0,sqft,1125.0,sqft,98133,619000.0,1155
3,2.0,1096.0,sqft,3872.0,sqft,98117,849950.0,1157
3,3.5,3380.0,sqft,7531.0,sqft,98177,1599500.0,1158
3,2.5,1616.0,sqft,3872.0,sqft,98116,990000.0,1159
3,3.0,1620.0,sqft,5760.0,sqft,98136,1058000.0,1160
3,2.0,2270.0,sqft,7920.0,sqft,98122,1550000.0,1163
3,2.0,1380.0,sqft,8580.0,sqft,98125,775000.0,1167
3,2.0,2950.0,sqft,5350.0,sqft,98199,1500000.0,1170
4,2.0,2100.0,sqft,3600.0,sqft,98116,1225000.0,1172
3,2.0,1705.0,sqft,7680.0,sqft,98177,910000.0,1173
3,3.5,1800.0,sqft,1563.0,sqft,98103,1050000.0,1175
3,2.5,1730.0,sqft,2757.0,sqft,98125,800000.0,1178
3,3.0,1410.0,sqft,826.0,sqft,98107,865000.0,1182
3,2.0,2080.0,sqft,5650.0,sqft,98178,738000.0,1187
4,2.5,2340.0,sqft,9670.0,sqft,98106,870000.0,1190
4,2.0,1850.0,sqft,3570.0,sqft,98105,1200000.0,1195
4,2.0,2260.0,sqft,3750.0,sqft,98107,1330000.0,1197
3,2.5,1846.0,sqft,10454.4,sqft,98199,1060000.0,1199
3,2.0,1700.0,sqft,3220.0,sqft,98118,999999.0,1200
4,2.0,2240.0,sqft,6240.0,sqft,98126,795000.0,1201
4,2.0,1660.0,sqft,2280.0,sqft,98103,1127500.0,1202
4,3.5,2270.0,sqft,2500.0,sqft,98146,710000.0,1204
3,3.5,2024.0,sqft,1694.0,sqft,98107,1200000.0,1206
3,2.5,1660.0,sqft,2700.0,sqft,98122,816750.0,1210
4,3.0,2949.0,sqft,5580.0,sqft,98103,1610000.0,1212
3,2.5,1718.0,sqft,1268.0,sqft,98117,900000.0,1213
4,2.5,1822.0,sqft,1500.0,sqft,98199,1033000.0,1215
3,2.0,2140.0,sqft,9290.0,sqft,98133,925000.0,1221
4,2.0,1700.0,sqft,8001.0,sqft,98125,891000.0,1227
3,3.0,1524.0,sqft,513.0,sqft,98122,875000.0,1228
3,3.0,1410.0,sqft,1316.0,sqft,98103,1200000.0,1229
4,2.0,2352.0,sqft,4000.0,sqft,98107,1295000.0,1233
4,3.5,2304.0,sqft,4503.0,sqft,98103,1550000.0,1236
4,2.0,1830.0,sqft,6000.0,sqft,98136,950000.0,1245
3,2.0,1049.0,sqft,3872.0,sqft,98112,900000.0,1250
4,2.0,1760.0,sqft,4700.0,sqft,98115,999950.0,1253
4,2.5,1560.0,sqft,2400.0,sqft,98144,1110000.0,1255
4,3.0,3110.0,sqft,5715.0,sqft,98119,1500000.0,1256
3,2.0,1440.0,sqft,6120.0,sqft,98115,935000.0,1257
3,2.0,1500.0,sqft,5750.0,sqft,98136,770000.0,1258
3,2.0,1560.0,sqft,1170.0,sqft,98117,920000.0,1262
3,3.0,3400.0,sqft,8000.0,sqft,98136,1150000.0,1263
3,3.5,1450.0,sqft,1467.0,sqft,98126,670000.0,1267
4,3.5,3070.0,sqft,5016.0,sqft,98144,1900000.0,1270
3,2.0,1860.0,sqft,3400.0,sqft,98105,1165000.0,1272
3,2.0,1440.0,sqft,9065.0,sqft,98133,830000.0,1274
3,3.0,1700.0,sqft,6882.0,sqft,98136,1275000.0,1277
4,3.5,2950.0,sqft,5000.0,sqft,98105,1800000.0,1278
4,3.5,3495.0,sqft,4080.0,sqft,98144,2000000.0,1281
3,3.0,2560.0,sqft,2500.0,sqft,98112,1300000.0,1282
3,3.0,2040.0,sqft,4000.0,sqft,98117,1000000.0,1283
4,2.0,2400.0,sqft,8160.0,sqft,98177,900000.0,1287
3,2.5,1270.0,sqft,924.0,sqft,98144,675000.0,1288
4,3.0,1830.0,sqft,4000.0,sqft,98107,1352000.0,1289
3,2.5,2470.0,sqft,4452.0,sqft,98126,800000.0,1290
4,2.5,1600.0,sqft,2336.0,sqft,98105,699000.0,1292
3,2.5,2230.0,sqft,7944.0,sqft,98178,555000.0,1295
3,3.0,1872.0,sqft,2475.0,sqft,98107,1050000.0,1297
4,2.0,1980.0,sqft,2242.0,sqft,98136,785000.0,1299
3,3.0,1180.0,sqft,1003.0,sqft,98116,729000.0,1300
4,2.5,2630.0,sqft,4500.0,sqft,98122,1340000.0,1301
4,2.0,2010.0,sqft,4275.0,sqft,98115,1100000.0,1302
4,3.5,3487.0,sqft,9500.0,sqft,98136,2010000.0,1303
4,2.0,2570.0,sqft,3440.0,sqft,98112,850000.0,1304
3,3.5,2010.0,sqft,2208.0,sqft,98117,1111111.0,1308
4,3.5,3300.0,sqft,6840.0,sqft,98125,1575000.0,1310
4,2.0,3040.0,sqft,5272.0,sqft,98199,1665500.0,1311
4,2.5,2500.0,sqft,8760.0,sqft,98146,577000.0,1312
3,2.0,1411.0,sqft,15245.999999999998,sqft,98104,699000.0,1315
3,2.0,1470.0,sqft,1232.0,sqft,98136,875000.0,1322
3,2.5,1550.0,sqft,1131.0,sqft,98122,1065000.0,1328
4,3.0,2466.0,sqft,6030.0,sqft,98115,1299000.0,1330
4,3.0,1500.0,sqft,3360.0,sqft,98122,1155000.0,1332
4,2.0,2380.0,sqft,4500.0,sqft,98144,525000.0,1333
3,2.5,1370.0,sqft,982.0,sqft,98117,699500.0,1335
3,2.0,1449.0,sqft,939.0,sqft,98107,720000.0,1336
3,2.5,1010.0,sqft,570.0,sqft,98118,615000.0,1338
3,3.5,1450.0,sqft,1081.0,sqft,98118,580000.0,1340
4,2.0,2600.0,sqft,4224.0,sqft,98117,1098500.0,1342
3,2.0,1328.0,sqft,839.0,sqft,98103,929950.0,1343
4,3.0,2481.0,sqft,8297.0,sqft,98115,999000.0,1345
4,3.0,2040.0,sqft,5000.0,sqft,98117,1410000.0,1347
3,3.0,1390.0,sqft,5000.0,sqft,98126,1095000.0,1348
4,3.5,1835.0,sqft,1884.0,sqft,98103,1299950.0,1350
4,2.0,1840.0,sqft,3760.0,sqft,98103,825000.0,1351
3,2.5,3020.0,sqft,7500.0,sqft,98177,1450000.0,1352
3,2.0,2520.0,sqft,4000.0,sqft,98115,1050000.0,1353
3,3.5,1644.0,sqft,3872.0,sqft,98112,820000.0,1355
3,2.5,1880.0,sqft,1282.0,sqft,98106,725000.0,1356
4,2.0,1500.0,sqft,4471.0,sqft,98133,947000.0,1361
3,2.0,2080.0,sqft,6769.0,sqft,98108,800000.0,1362
3,3.0,1425.0,sqft,1199.0,sqft,98177,819950.0,1363
4,3.0,2074.0,sqft,1999.0,sqft,98126,812500.0,1365
4,2.0,1170.0,sqft,9216.0,sqft,98178,390000.0,1369
4,3.0,2240.0,sqft,8691.0,sqft,98118,625000.0,1370
4,2.0,1750.0,sqft,6380.0,sqft,98115,855000.0,1371
4,2.5,1420.0,sqft,1800.0,sqft,98103,760000.0,1374
3,3.0,1740.0,sqft,5000.0,sqft,98136,1010000.0,1378
4,3.5,3018.0,sqft,3600.0,sqft,98103,1795000.0,1381
4,2.5,2213.0,sqft,3367.0,sqft,98107,1075000.0,1389
3,3.0,1280.0,sqft,2600.0,sqft,98103,900000.0,1392
4,3.5,3840.0,sqft,13939.2,sqft,98118,1250000.0,1394
4,2.0,1450.0,sqft,1000.0,sqft,98109,1185000.0,1396
4,2.0,2140.0,sqft,4947.0,sqft,98136,960000.0,1397
4,3.0,2480.0,sqft,4000.0,sqft,98103,1605000.0,1398
3,2.0,1730.0,sqft,8421.0,sqft,98125,910000.0,1402
3,2.0,1940.0,sqft,4850.0,sqft,98107,895000.0,1405
3,2.0,1360.0,sqft,7680.0,sqft,98125,830000.0,1407
3,2.5,2220.0,sqft,3060.0,sqft,98117,1167500.0,1411
3,2.5,2090.0,sqft,5000.0,sqft,98108,820000.0,1413
3,2.5,1820.0,sqft,43560.0,sqft,98118,690000.0,1416
4,2.5,3105.0,sqft,7875.0,sqft,98115,1040000.0,1417
4,2.0,1680.0,sqft,7840.0,sqft,98178,517500.0,1418
3,2.0,2495.0,sqft,4000.0,sqft,98105,1250000.0,1419
4,2.0,2787.0,sqft,6011.0,sqft,98122,1207000.0,1421
3,3.0,1660.0,sqft,7650.0,sqft,98117,1200000.0,1427
3,2.0,1270.0,sqft,11325.6,sqft,98146,590000.0,1430
3,3.5,1840.0,sqft,1312.0,sqft,98117,1025000.0,1433
3,2.0,2260.0,sqft,3880.0,sqft,98107,877000.0,1440
4,2.0,1800.0,sqft,7455.0,sqft,98117,1100000.0,1444
3,2.5,2600.0,sqft,8023.0,sqft,98136,1475000.0,1446
4,2.0,2640.0,sqft,8385.0,sqft,98168,780000.0,1447
3,3.0,2630.0,sqft,3755.0,sqft,98115,1130000.0,1449
4,3.5,2910.0,sqft,4000.0,sqft,98144,1865000.0,1450
3,2.0,1580.0,sqft,5040.0,sqft,98116,1000000.0,1451
3,2.0,2100.0,sqft,5750.0,sqft,98116,1325000.0,1453
4,2.0,2010.0,sqft,9612.0,sqft,98105,1250000.0,1454
4,2.0,1480.0,sqft,6820.0,sqft,98126,830000.0,1455
3,2.0,1560.0,sqft,2400.0,sqft,98117,1180000.0,1456
4,2.0,2080.0,sqft,3850.0,sqft,98105,975000.0,1460
3,2.5,1620.0,sqft,7500.0,sqft,98106,875100.0,1462
3,3.5,1970.0,sqft,1125.0,sqft,98105,868500.0,1463
3,2.0,1720.0,sqft,6720.0,sqft,98116,869000.0,1464
4,2.0,1545.0,sqft,4963.0,sqft,98103,1253000.0,1465
3,2.5,1710.0,sqft,4814.0,sqft,98115,1190000.0,1466
4,2.0,1170.0,sqft,9594.0,sqft,98168,530000.0,1472
3,2.0,1770.0,sqft,5100.0,sqft,98118,660000.0,1473
4,2.5,2980.0,sqft,3618.0,sqft,98125,1445000.0,1475
3,2.0,1300.0,sqft,2250.0,sqft,98103,735000.0,1482
3,2.5,1763.0,sqft,2498.0,sqft,98117,1125000.0,1484
3,2.5,1820.0,sqft,1595.0,sqft,98103,990000.0,1486
3,2.0,1939.0,sqft,13503.6,sqft,98109,1070000.0,1489
4,2.0,1780.0,sqft,5000.0,sqft,98117,1181500.0,1490
3,2.0,2370.0,sqft,4400.0,sqft,98119,1180000.0,1491
4,2.5,2360.0,sqft,5725.0,sqft,98199,1750000.0,1494
3,2.0,2630.0,sqft,9702.0,sqft,98117,1290000.0,1495
4,3.0,2050.0,sqft,4362.0,sqft,98136,920000.0,1503
3,2.5,1060.0,sqft,1124.0,sqft,98117,765000.0,1507
3,2.5,1860.0,sqft,1063.0,sqft,98103,1025000.0,1508
3,2.0,1096.0,sqft,43560.0,sqft,98117,874500.0,1511
3,3.5,1730.0,sqft,3872.0,sqft,98117,975000.0,1514
3,2.0,1890.0,sqft,6808.0,sqft,98106,700000.0,1516
4,2.0,2500.0,sqft,4414.0,sqft,98144,972500.0,1517
4,3.5,2840.0,sqft,4000.0,sqft,98108,925000.0,1518
3,2.0,1608.0,sqft,1568.0,sqft,98103,732000.0,1519
3,2.5,1790.0,sqft,1600.0,sqft,98117,1050000.0,1523
4,2.0,1670.0,sqft,7260.0,sqft,98106,650000.0,1524
3,2.0,1640.0,sqft,5100.0,sqft,98136,900000.0,1525
4,2.0,1720.0,sqft,4242.0,sqft,98118,705000.0,1527
4,2.0,2060.0,sqft,8762.0,sqft,98168,575000.0,1528
3,2.0,1840.0,sqft,3432.0,sqft,98115,865000.0,1529
3,3.0,1760.0,sqft,8160.0,sqft,98125,670000.0,1531
3,2.0,1740.0,sqft,3519.0,sqft,98199,1310000.0,1534
3,2.0,1490.0,sqft,1050.0,sqft,98107,900000.0,1535
3,3.0,2380.0,sqft,6172.0,sqft,98199,1385000.0,1536
4,3.5,2900.0,sqft,7470.0,sqft,98125,1337000.0,1538
4,3.5,2015.0,sqft,1886.0,sqft,98116,1240000.0,1544
4,2.0,2280.0,sqft,10890.0,sqft,98168,625000.0,1546
4,3.0,2570.0,sqft,4480.0,sqft,98105,1555000.0,1547
3,2.5,2860.0,sqft,4500.0,sqft,98126,1630000.0,1550
3,2.5,2120.0,sqft,5120.0,sqft,98122,1365000.0,1558
3,3.5,1580.0,sqft,3872.0,sqft,98144,760000.0,1561
3,2.0,1740.0,sqft,8309.0,sqft,98115,1070000.0,1562
4,3.0,1810.0,sqft,5850.0,sqft,98116,1118000.0,1563
4,2.0,1870.0,sqft,5280.0,sqft,98199,1040000.0,1567
3,2.5,1380.0,sqft,1464.0,sqft,98126,523750.0,1569
3,2.0,1640.0,sqft,5145.0,sqft,98106,700000.0,1571
3,3.5,1360.0,sqft,1248.0,sqft,98103,700000.0,1572
4,3.5,2970.0,sqft,3751.0,sqft,98103,2080000.0,1576
4,2.0,2340.0,sqft,4560.0,sqft,98103,1800000.0,1577
3,3.0,1420.0,sqft,6037.0,sqft,98115,950000.0,1578
3,2.5,1520.0,sqft,2814.0,sqft,98108,818000.0,1579
4,3.0,3410.0,sqft,7389.0,sqft,98144,1850000.0,1581
3,2.0,1170.0,sqft,979.0,sqft,98144,740000.0,1584
3,2.0,1360.0,sqft,8100.0,sqft,98125,850000.0,1585
4,2.0,2680.0,sqft,6035.0,sqft,98177,950000.0,1587
3,3.5,1240.0,sqft,1164.0,sqft,98116,690000.0,1590
4,3.0,2940.0,sqft,4000.0,sqft,98126,1250000.0,1592
4,2.0,1488.0,sqft,3920.0,sqft,98115,750000.0,1594
3,2.5,1681.0,sqft,172933.2,sqft,98126,610000.0,1596
4,3.5,2860.0,sqft,5880.0,sqft,98199,1657500.0,1598
4,3.5,2400.0,sqft,3060.0,sqft,98103,1750000.0,1601
3,2.5,2920.0,sqft,9918.0,sqft,98133,985000.0,1602
3,2.5,1330.0,sqft,936.0,sqft,98107,819999.0,1605
4,3.5,2440.0,sqft,7200.0,sqft,98125,1185000.0,1606
3,3.5,1580.0,sqft,1312.0,sqft,98144,950000.0,1607
3,2.0,2299.0,sqft,6022.0,sqft,98199,1435000.0,1608
4,3.0,1780.0,sqft,5005.0,sqft,98117,1184000.0,1612
3,2.0,2250.0,sqft,8030.0,sqft,98105,2080000.0,1613
3,2.0,1622.0,sqft,1521.0,sqft,98125,692950.0,1621
3,3.0,2080.0,sqft,2486.0,sqft,98108,762000.0,1624
4,2.0,2425.0,sqft,5500.0,sqft,98105,1295000.0,1628
4,2.5,1760.0,sqft,2670.0,sqft,98144,925000.0,1629
3,3.5,1660.0,sqft,1228.0,sqft,98144,765000.0,1632
4,2.0,1730.0,sqft,7723.0,sqft,98126,875000.0,1633
3,2.0,2440.0,sqft,2700.0,sqft,98103,1000000.0,1637
4,2.0,2880.0,sqft,5000.0,sqft,98103,1485000.0,1638
3,2.0,1678.0,sqft,1191.0,sqft,98103,1160000.0,1639
3,2.0,1400.0,sqft,1281.0,sqft,98117,780000.0,1640
4,3.0,2311.0,sqft,6048.0,sqft,98115,1211000.0,1643
4,3.5,1632.0,sqft,13068.0,sqft,98136,825000.0,1649
3,3.5,1846.0,sqft,2250.0,sqft,98107,1170000.0,1651
3,2.0,1240.0,sqft,5400.0,sqft,98117,705000.0,1653
3,2.0,1120.0,sqft,5518.0,sqft,98106,600000.0,1658
3,2.0,2160.0,sqft,4590.0,sqft,98115,825000.0,1660
3,2.0,1960.0,sqft,3300.0,sqft,98103,865000.0,1663
3,3.5,1657.0,sqft,3872.0,sqft,98144,847198.0,1664
3,3.5,1590.0,sqft,1314.0,sqft,98144,899000.0,1668
4,3.0,2440.0,sqft,8556.0,sqft,98199,1850000.0,1671
3,2.0,2040.0,sqft,4000.0,sqft,98144,695000.0,1679
4,2.5,2780.0,sqft,8967.0,sqft,98136,1530000.0,1680
3,2.0,2100.0,sqft,7800.0,sqft,98168,510000.0,1683
4,3.5,1964.0,sqft,3872.0,sqft,98115,1180000.0,1685
3,3.5,1740.0,sqft,5000.0,sqft,98103,1020000.0,1688
3,2.0,1540.0,sqft,993.0,sqft,98122,900000.0,1692
3,3.5,2480.0,sqft,5118.0,sqft,98122,1500000.0,1695
3,2.0,2164.0,sqft,4000.0,sqft,98117,800000.0,1698
3,2.5,2080.0,sqft,5160.0,sqft,98116,1200000.0,1700
3,2.0,2020.0,sqft,5525.0,sqft,98117,1625000.0,1703
3,3.5,1150.0,sqft,1199.0,sqft,98103,625000.0,1704
3,2.0,1220.0,sqft,43560.0,sqft,98107,824900.0,1705
3,3.5,2030.0,sqft,2500.0,sqft,98122,1200000.0,1708
4,2.0,1460.0,sqft,5000.0,sqft,98116,787500.0,1711
3,3.5,1690.0,sqft,1444.0,sqft,98103,965000.0,1714
4,2.0,2370.0,sqft,8775.0,sqft,98125,1125000.0,1716
3,2.0,1711.0,sqft,1171.0,sqft,98125,675500.0,1725
3,2.5,1790.0,sqft,5761.0,sqft,98106,590000.0,1729
3,2.0,2140.0,sqft,7200.0,sqft,98115,918000.0,1730
4,3.0,2040.0,sqft,6348.0,sqft,98103,940000.0,1731
3,2.0,1894.0,sqft,2340.0,sqft,98144,697000.0,1732
4,2.5,2750.0,sqft,5589.0,sqft,98112,1680000.0,1733
4,3.5,2900.0,sqft,5040.0,sqft,98107,1600000.0,1734
4,2.5,2190.0,sqft,4590.0,sqft,98136,1075000.0,1736
3,3.0,1440.0,sqft,5300.0,sqft,98144,1050000.0,1738
3,2.0,2170.0,sqft,7920.0,sqft,98178,560000.0,1739
3,3.5,1450.0,sqft,1020.0,sqft,98115,835000.0,1741
4,3.5,2336.0,sqft,2392.0,sqft,98115,975000.0,1742
4,3.0,2320.0,sqft,4640.0,sqft,98112,1472500.0,1743
3,2.0,1470.0,sqft,2226.0,sqft,98106,600000.0,1744
4,3.0,2110.0,sqft,7680.0,sqft,98115,1180000.0,1747
3,2.0,2060.0,sqft,5280.0,sqft,98126,756110.0,1749
3,2.5,2910.0,sqft,5200.0,sqft,98109,1975000.0,1751
3,2.5,1515.0,sqft,1563.0,sqft,98102,905000.0,1756
3,2.5,2600.0,sqft,9100.0,sqft,98146,875000.0,1757
3,2.0,1000.0,sqft,1916.0,sqft,98122,710000.0,1758
3,2.0,2190.0,sqft,5000.0,sqft,98106,840000.0,1761
4,2.0,2160.0,sqft,4000.0,sqft,98122,1400000.0,1763
3,3.0,1540.0,sqft,1044.0,sqft,98115,800000.0,1766
4,3.0,2700.0,sqft,8360.0,sqft,98199,1100000.0,1772
3,2.0,1590.0,sqft,2500.0,sqft,98117,880000.0,1776
3,2.0,2840.0,sqft,5196.0,sqft,98199,1400000.0,1778
4,3.5,4350.0,sqft,7000.0,sqft,98136,2000000.0,1782
3,2.0,1684.0,sqft,1395.0,sqft,98117,870000.0,1785
3,2.5,2040.0,sqft,3298.0,sqft,98136,1200000.0,1786
3,2.0,2256.0,sqft,3500.0,sqft,98119,1370000.0,1788
4,2.0,1900.0,sqft,5350.0,sqft,98118,670000.0,1789
4,3.0,3020.0,sqft,3254.0,sqft,98106,1499000.0,1792
4,2.0,1530.0,sqft,8782.0,sqft,98118,645000.0,1795
3,2.5,1860.0,sqft,7992.0,sqft,98136,1050000.0,1797
3,2.0,1470.0,sqft,1348.0,sqft,98107,933500.0,1799
4,3.0,2840.0,sqft,4550.0,sqft,98122,1399990.0,1811
3,2.5,1813.0,sqft,3872.0,sqft,98116,1275000.0,1813
3,3.5,2996.0,sqft,5219.0,sqft,98115,2050000.0,1814
3,2.0,1498.0,sqft,1238.0,sqft,98122,935000.0,1816
4,3.0,2740.0,sqft,5616.0,sqft,98115,1220000.0,1818
3,2.0,1328.0,sqft,859.0,sqft,98103,920000.0,1819
3,2.0,2020.0,sqft,6397.0,sqft,98117,840000.0,1821
4,3.0,2970.0,sqft,7350.0,sqft,98118,720000.0,1824
3,3.5,1615.0,sqft,43560.0,sqft,98133,796000.0,1825
3,2.0,1350.0,sqft,1056.0,sqft,98136,722500.0,1827
3,2.5,1220.0,sqft,1095.0,sqft,98109,900000.0,1829
3,2.0,2930.0,sqft,30491.999999999996,sqft,98146,775000.0,1833
3,3.0,2546.0,sqft,3600.0,sqft,98109,1810000.0,1837
3,2.0,1676.0,sqft,4828.0,sqft,98115,840000.0,1840
4,2.0,3220.0,sqft,7800.0,sqft,98177,2000000.0,1844
4,2.5,1620.0,sqft,6120.0,sqft,98126,849950.0,1850
3,2.5,1620.0,sqft,1377.0,sqft,98112,935000.0,1853
3,3.0,1608.0,sqft,2039.0,sqft,98126,625000.0,1854
4,2.0,2270.0,sqft,3600.0,sqft,98119,1335000.0,1856
4,2.0,2220.0,sqft,5775.0,sqft,98144,740000.0,1861
3,2.0,1620.0,sqft,3840.0,sqft,98117,675000.0,1865
4,3.0,1620.0,sqft,3380.0,sqft,98117,950000.0,1866
4,3.5,2600.0,sqft,4101.0,sqft,98108,1060000.0,1869
3,2.0,1960.0,sqft,6138.0,sqft,98115,900000.0,1870
4,2.0,2840.0,sqft,5750.0,sqft,98126,1175000.0,1874
3,2.0,1010.0,sqft,6300.0,sqft,98106,650000.0,1878
3,2.0,1413.0,sqft,43560.0,sqft,98103,1099970.0,1882
3,2.5,1820.0,sqft,3090.0,sqft,98115,1030000.0,1883
3,3.0,2212.0,sqft,3872.0,sqft,98109,1470000.0,1885
3,3.5,3290.0,sqft,7338.0,sqft,98126,1400000.0,1886
3,2.5,1890.0,sqft,1097.0,sqft,98144,699000.0,1890
4,3.0,2230.0,sqft,6700.0,sqft,98115,1150000.0,1891
4,2.0,1820.0,sqft,5600.0,sqft,98117,760000.0,1894
3,2.0,1840.0,sqft,3880.0,sqft,98117,959630.0,1897
4,2.5,3198.0,sqft,5000.0,sqft,98103,1712000.0,1902
4,3.0,1890.0,sqft,1097.0,sqft,98144,699000.0,1908
4,2.0,1830.0,sqft,9920.0,sqft,98146,535000.0,1910
3,3.0,2462.0,sqft,2272.0,sqft,98117,915000.0,1913
3,3.5,1300.0,sqft,1994.0,sqft,98106,583000.0,1914
4,2.0,1550.0,sqft,6000.0,sqft,98103,1325000.0,1915
3,3.5,1679.0,sqft,43560.0,sqft,98126,689000.0,1916
3,2.0,1520.0,sqft,2185.0,sqft,98116,916500.0,1919
3,2.5,1870.0,sqft,837.0,sqft,98117,890000.0,1922
3,3.5,1762.0,sqft,1494.0,sqft,98102,1000000.0,1923
3,2.0,1790.0,sqft,4080.0,sqft,98115,900000.0,1929
4,2.5,2250.0,sqft,7650.0,sqft,98106,924900.0,1932
3,2.0,1799.0,sqft,1471.0,sqft,98103,940000.0,1933
3,2.0,2120.0,sqft,6009.0,sqft,98117,1345000.0,1938
4,2.0,2630.0,sqft,8750.0,sqft,98115,1350000.0,1941
3,2.0,2700.0,sqft,16117.199999999999,sqft,98178,734000.0,1943
3,2.5,1620.0,sqft,1423.0,sqft,98122,770000.0,1945
4,2.0,1770.0,sqft,3920.0,sqft,98115,1425000.0,1949
4,2.5,1812.0,sqft,1632.0,sqft,98136,825000.0,1950
3,2.0,2100.0,sqft,7800.0,sqft,98136,845000.0,1953
3,2.5,2198.0,sqft,2621.0,sqft,98144,1675000.0,1957
3,2.0,2330.0,sqft,5280.0,sqft,98103,1098000.0,1960
3,3.0,1790.0,sqft,7286.0,sqft,98125,755000.0,1962
4,3.5,2960.0,sqft,4500.0,sqft,98103,1700000.0,1963
3,2.0,1160.0,sqft,7500.0,sqft,98178,566000.0,1966
4,2.0,2570.0,sqft,4800.0,sqft,98103,1495000.0,1969
3,2.0,1611.0,sqft,4648.0,sqft,98107,915000.0,1970
4,2.5,2474.0,sqft,2970.0,sqft,98115,1725000.0,1971
3,2.0,1300.0,sqft,2997.0,sqft,98144,778000.0,1972
3,2.5,2730.0,sqft,3000.0,sqft,98122,1199000.0,1975
3,3.0,1650.0,sqft,1622.0,sqft,98103,950000.0,1977
3,3.0,1650.0,sqft,1376.0,sqft,98103,974999.0,1978
3,3.0,1790.0,sqft,7080.0,sqft,98109,1325000.0,1983
4,2.0,1630.0,sqft,4982.0,sqft,98116,942000.0,1986
3,3.5,1460.0,sqft,1200.0,sqft,98117,740000.0,1987
3,2.0,1210.0,sqft,1374.0,sqft,98103,875000.0,1988
4,2.0,2080.0,sqft,5250.0,sqft,98116,1098000.0,1989
4,2.0,3542.0,sqft,5000.0,sqft,98144,1150000.0,1990
4,2.0,1641.0,sqft,6122.0,sqft,98118,538800.0,1996
3,2.0,1749.0,sqft,1149.0,sqft,98125,699950.0,2000
3,2.5,2340.0,sqft,8000.0,sqft,98177,1900000.0,2002
3,2.0,1482.0,sqft,1085.0,sqft,98117,919000.0,2009
3,3.5,1680.0,sqft,1486.0,sqft,98126,675000.0,2010
3,2.0,1370.0,sqft,21780.0,sqft,98112,910000.0,2012
4,2.0,2140.0,sqft,6250.0,sqft,98199,1150000.0,2014
3,2.0,1710.0,sqft,4267.0,sqft,98133,659000.0,2016
